degree,gamma,C,training recall,test recall,training acc,test acc
2,0.1,0.1,0.8232883406929805,0.6786276882198735,0.783711098062243,0.6409090909090909
3,0.1,1.0,0.9953488372093023,0.6139734054541357,0.9938461538461538,0.5545454545454546
4,0.1,1e-06,0.43333811497595,0.5157894736842106,0.5034409864944216,0.540909090909091
5,0.1,0.001,0.9953488372093023,0.7586722892423756,0.9539870816206694,0.6181818181818182
6,0.1,1e-08,0.642002567394095,0.7368421052631579,0.5741749853200234,0.690909090909091
7,0.1,1e-09,0.8540083440308088,0.9730650154798761,0.670510863182619,0.740909090909091
8,0.1,1e-11,0.6441078305519897,0.7368421052631579,0.5772284204345274,0.6954545454545455
9,0.1,1e-09,0.8976744186046511,0.7366220656441644,0.8111920140927774,0.6090909090909091
